ID;Gruppe;Menge;Einheit;Teil;Spezifikation;Begruendung;Status;Lieferant;Link;Bestellhinweis;Linkart
E01;Steuerung;1;Stück;U1 Arduino Uno R3;ATmega328P, 5-V-Logik;Erzeugt STEP/DIR und wertet PIR aus;vorhanden;Bestand;;Nicht bestellen;Bestand
E02;Steuerung;1;Stück;B1 PIR-Modul;Vorhandene HC-SR501-Bauform;Löst die Bewegungssequenz aus;vorhanden;Bestand;;Pinbeschriftung am eigenen Modul vor Verdrahtung prüfen;Bestand
E03;Antrieb;1;Stück;M1 NEMA-34-Motor;STEPPERONLINE 34HS46-6004S1, 14-mm-Welle, mit 1-m-Motorkabel;Bewegt den Riemenantrieb;bestellen;STEPPERONLINE;https://www.omc-stepperonline.com/fr/moteur-pas-a-pas-nema-34-serie-s-8-5nm-1203-94oz-in-14mm-arbre-a-cle-cable-1m-34hs46-6004s1;Produktseite geprüft, Motorvariante bestätigen;Produkt
E47;Antrieb;1;Stück;Motorhalterung für M1;STEPPERONLINE ST-M7, Stahl-Montagewinkel für NEMA 34 / 86-mm-Motoren;Befestigt den Motor am Träger und hält seine Lage zum Zahnriemen;bestellen;STEPPERONLINE;https://www.omc-stepperonline.com/nema-34-bracket-for-stepper-motor-alloy-steel-bracket-st-m7;"Ein Stück ST-M7 mit dem Motor bestellen. Hersteller ordnet ST-M7 NEMA-34-Schrittmotoren zu. Vor Montage Lochbild, Zentrierbund und Freiraum am 34HS46-6004S1 abgleichen. Schraubenlieferumfang nicht bestätigt; Befestigungsmittel und Schraubenlängen passend zu Motorflansch und Träger ergänzen. Montage für senkrechte Motorwelle und verschiebbare Riemenspannung vorsehen. CH-Endpreis/Versand im Warenkorb prüfen.";Produkt
E04;Antrieb;1;Stück;U3 Schrittmotortreiber;STEPPERONLINE DM860T V3.0 mit 5/24-V-Wahlschalter;Schaltet die Motorwicklungen stromgeregelt;bestellen;STEPPERONLINE;https://www.omc-stepperonline.com/digital-stepper-driver-2-4-7-2a-18-80vac-or-24-110vdc-for-nema-34-motor-dm860t;Produktseite geprüft, V3.0 und passende Klemmstecker vor Kauf bestätigen;Produkt
E05;Versorgung;1;Stück;PS1 geschlossenes Motornetzteil;Mean Well GST220A48-R7B, 48 V / 4,6 A / 221 W, IEC-C14 und Power-DIN-R7B;Versorgt den einzelnen Treiber ohne eigene Netzverdrahtung;bestellen;DigiKey Schweiz / alternativ Distrelec;https://www.digikey.ch/de/products/detail/mean-well-usa-inc/GST220A48-R7B/7703644;"Ein Stück GST220A48-R7B, nicht LRS-350. Netzleitung W1 aus Bestand verwenden; IEC-C13-Buchse prüfen. Distrelec 300-42-762: https://www.distrelec.ch/en/power-supply-gst220a-series-48v-6a-221w-iec-60320-c14-din-pin-mean-well-gst220a48-r7b/p/30042762 . CHF-Endpreis/Liefertermin nicht bestätigt. Für langsamen Einzelmotorbetrieb ausgewählt, Leistungs- und Bremstest erforderlich.";Produkt
E06;Versorgung;1;Stück;PS2 USB-Netzteil;Geschlossenes Steckernetzteil, geregelt 5 V / mindestens 1 A, USB-A, CH-Stecker oder flacher Eurostecker;Versorgt Uno und Sensor getrennt vom Motorstrom;bestellen;BerryBase Schweiz;https://www.berrybase.ch/dual-usb-netzteil-ladeadapter-2-4a-2x-usb-flache-bauform-weiss;Goobay 44952: 5 V / 2,4 A gesamt, USB-A, Eurostecker. Einen Anschluss für U1 verwenden.;Produkt
E07;Versorgung;1;Stück;W2 USB-Kabel;USB-A auf USB-B, Datenkabel, etwa 1 m;Versorgung und Programmierung des Uno;bestellen;BerryBase Schweiz;https://www.berrybase.ch/usb-2.0-hi-speed-kabel-a-stecker-b-stecker-schwarz;"Goobay USB 2.0 A auf B; gewünschte Länge um 1 m auswählen. Kein Mini-/Micro-B. Alternative: [Distrelec 305-04-706](https://www.distrelec.ch/de/usb-male-usb-to-male-usb-1m-stecker-1m-usb-schwarz-com-u2a00002-1m/p/30504706), L-Com U2A00002-1M, USB 2.0 A–B, 1 m. Bedarf ein Kabel. Produktdaten im Suchindex bestätigt; Direktabruf blockiert, Preis/Bestelleinheit/Lagerbestand offen.";Produkt
E08;Sensorleitung;1;Stück;W3 Patchkabel;Normales Cat5/Cat5e/Cat6-RJ45-Patchkabel aus Bestand, 1:1, bis 3 m;Überträgt 5 V, Masse und PIR-Signal;vorhanden;Bestand;;"Cat5-/Cat6-Netzwerkkabel vorhanden laut Nutzer; nicht bestellen. 1:1-Durchgang und Kupferadern am verwendeten Kabel prüfen. Verbindet ausschließlich die PIR-Adapter, kein LAN/PoE.";Bestand
E09;Sensorleitung;2;Stück;J1/J2 RJ45-Klemmenadapter;8P8C-Buchse auf nummerierte Schraubklemmen, passiv ohne Magnetics;Trennbare Sensorverbindung ohne Crimpen eigener RJ45-Stecker;bestellen;Bastelgarage;https://www.bastelgarage.ch/rj45-buchse-8p-adapter-mit-schraubklemme;"Art. 423938, DFRobot FIT0849. Zwei Buchsenadapter bestellen; keine Steckeradapter. Pinzuordnung vor Anschluss durchmessen.";Produkt
E48;Signalmodule;2;Stück;U4/U5 fertige Signalmodule;Adafruit MOSFET Driver #5648, STEMMA-JST-PH und montierte Ausgangs-Federklemmen;Schaltet STEP und DIR ohne Eigenbauplatine oder zusätzliche Einzelbauteile;bestellen;DigiKey Schweiz;https://www.digikey.ch/de/products/detail/adafruit-industries-llc/5648/17282414;1528-5648-ND, zwei Einzelmodule. STEMMA-Kabel E55 separat, keine Stiftleisten nötig. Nur nominal 5 V, nicht 48 V. Ausgang +/− geht an PUL+/PUL− bzw. DIR+/DIR−.;Produkt
E55;Signalmodule;2;Stück;STEMMA-Anschlusskabel für U4/U5;Adafruit #3894, JST PH 2 mm, 3-polig auf einzelne weibliche Header-Buchsen, 200 mm;Steckbare Modulversorgung und Uno-Ansteuerung ohne Löten;bestellen;DigiKey Schweiz;https://www.digikey.ch/de/products/detail/adafruit-industries-llc/3894/9603620;1528-3894-ND, zwei Einzelkabel. Buchsenenden passen auf U6-Stiftleisten. Nicht #3893 (männliche Enden) und nicht 4-poliges Kabel. Im #5648-Modul nicht enthalten.;Produkt
E56;Signalmodule;1;Stück;U6 fertiges Uno-Anschluss-Shield;DFRobot DFR0265, IO Expansion Shield V7.1, fertig bestückt;Stellt genügend steckbare 5-V-/GND-/Signalanschlüsse bereit und spart Steuer-Verteilerklemmen;bestellen;BerryBase Schweiz;https://www.berrybase.ch/fr/dfrobot-io-expansion-shield-fuer-arduino-xbee-uart-schnellwechselschalter-i2c-spi-bt-3.3-5v;DFR0265, ein Shield mit montierten Stiftleisten/Jumper. Auf Uno R3 stecken, 5V/3.3V-Jumper auf 5 V. Keine externe Versorgung, keine XBee-Module. Modulversorgung über A1/A2, Signal über D2/D3.;Produkt
E50;Verbindungsklemmen;2;Stück;X1/X2 Verbindungsklemmen;WAGO 221-413, 3 Leiter;Beide Adern jeder DC-Schiene mit kurzem Treiberabgang verbinden;bestellen;BerryBase Schweiz;https://www.berrybase.ch/wago-221-413-verbindungsklemme-3-fach;W221-413-1: zwei Einzelstücke, keine Mehrfachpackungen. Je Leiter eigener Platz, 11 mm Kontaktlänge.;Produkt
E23;Sensorleitung;1;Satz;PIR-Anschlussleitung;Drei einzelne 2,54-mm-Buchsenleitungen mit freiem Ende, etwa 20 cm;Direkte Verbindung B1 zu J2;vorhanden;Bestand;;"Header-Kabel ausreichend vorhanden; nicht bestellen. Drei Leitungen mit Buchse für B1 und freiem Ende für J2 verwenden; VCC/OUT/GND am Sensor prüfen.";Bestand
E24;Interne Verdrahtung;1;Satz;Uno-Verbindungsleitungen;Vier einzelne Buchsen-Header-Leitungen zu U6/PIR-Adapter, etwa 20 cm;Steckt PIR OUT/5V und zwei GND-Leitungen auf U6 und führt sie zu J1;vorhanden;Bestand;;Ausreichend vorhanden. Vier Leitungen mit Buchse auf U6, freies abisoliertes Ende zur RJ45-Klemme. Keine eigenen Steckadapter löten. D2/D3 und Modulversorgung über E55.;Bestand
E26;Interne Verdrahtung;0,5;m;W4 Steuerkabel;2 geschirmte verdrillte Paare, etwa 0,25 mm²;Störarme STEP/DIR-Verbindung zum Treiber;bestellen;Conrad Schweiz;https://www.conrad.ch/de/p/lapp-35800-1-datenleitung-unitronic-liycy-tp-2-x-2-x-0-25-mm-grau-1-m-601980.html;Art. 601980, LAPP 35800/1: 2×2×0,25 mm², paarverseilt und geschirmt. 1 m kaufen, ca. 0,5 m verwenden.;Produkt
E28;Versorgung;1;Stück;S0 CH-Mehrfachsteckdose/Hauptschalter;Fertige CH-Steckdosenleiste, Typ-13-Buchsen, 10 A gesamt, mindestens 2 Steckplätze, gemeinsamer zweipoliger Schalter, PE durchverbunden;Gemeinsame Abschaltung beider Netzteile;vorhanden;Bestand;;"Vorhanden laut Nutzer; nicht bestellen. PS1 über W1 an Steckplatz 1, PS2 direkt an Steckplatz 2. Ausführung und Einschaltstrom-Eignung beim Netzaufbau prüfen.";Bestand
E29;Versorgung;1;Stück;W1 Netzanschlussleitung;"Benötigt: fertiges CH-Typ-12-auf-IEC-C13-Netzkabel mit Schutzleiter; passende Länge aus Bestand";Steckfertiger Netzanschluss PS1 an vorhandene CH-Leiste;vorhanden;Bestand;;"230-V-Anschlusskabel ausreichend vorhanden laut Nutzer; nicht bestellen. Für PS1 ein fertiges Kabel mit CH-Stecker und IEC-C13-Buchse aus dem Bestand wählen. Passende Steckerform und Schutzleiter am vorhandenen Kabel prüfen; genaue Ausführung/Länge noch nicht bestätigt.";Bestand
E49;Versorgung;1;Stück;W5 Power-DIN-Verlängerung;GlobTek KPPX4124641M0KPJX4(R), 1 m, 4×AWG18, Stecker/Buchse;Fertig montierte passende Netzteilbuchse, andere Seite in Treiberklemmen;bestellen;DigiKey Schweiz;https://www.digikey.ch/de/products/detail/globtek-inc/KPPX4124641M0KPJX4-R/12343635;1939-KPPX4124641M0KPJX4(R)-ND, ein Kabel. Produkt/Herstellerdaten bestätigt, CH-Preis/Liefertermin offen. Nur männliches Verlängerungsende abschneiden. Beide + und beide − Adern verwenden. Kontaktlage durchmessen, unterschiedliche Hersteller-Pinnummerierung! Kein gewöhnlicher RJ45- oder Mini-DIN-Stecker.;Produkt
E35;Versorgung;1;m;DC-Leistungslitze;"1,5 mm² Kupfer-Silikonlitze, schwarz, 1 m; zwei kurze Abschnitte";Verbindet X1/X2 mit U3, positive Ader dauerhaft markieren;bestellen;Elektrobedarf Troller;https://www.elektrobedarf.ch/silikonlitze-180%C3%B8-1-5mm2-schwarz-d%201903.20;Art. D1903.20, Bedarf 1 m Meterware. Bestelleinheit beim Händler bestätigen, keine ganze 100-m-Rolle. Positive Ader mit vorhandenem Schrumpfschlauch/Beschriftung markieren, je Verbindung möglichst kurz.;Produkt
E37;Gehäuse;1;Stück;Steuergehäuse mit Montageplatte;Vorgeschlagen Hammond 1554YAGY ABS, 300×240×120 mm, trockener geschützter Ort;Schützt und befestigt Uno, Module, Treiber und Klemmen;aufmass;DigiKey Schweiz;https://www.digikey.ch/de/products/detail/hammond-manufacturing/1554YAGY/11498211;164-1554YAGY-ND, ein Gehäuse. Modell vorläufig: realen Modulplan und Kühlung prüfen. ABS-Ausführung nur für geschützte Aufstellung vorgesehen. 48-V-Netzteil außerhalb. Befestigung und notwendige Lüftung nach Temperaturtest festlegen.;Produkt
E53;Gehäuse;1;Stück;Montageplatte für Steuergehäuse;Hammond 1554YPL, passende Stahl-Innenplatte;Befestigt Geräte getrennt von der Gehäusewand;aufmass;DigiKey Schweiz;https://www.digikey.ch/de/products/detail/hammond-manufacturing/1554YPL/11498199;164-1554YPL-ND, ein Stück nur bei bestätigtem 1554YAGY. Lochbild selbst anordnen, Uno/Module isoliert über vorhandene Abstandshalter befestigen.;Produkt
E38;Gehäuse;1;Satz;Lüftungselemente und Wetterschutz;"Lüftung zum tatsächlichen Gehäuse; DM860T-Umgebung maximal 40 °C";Verhindert Wärmestau und direkten Wassereintritt;aufmass;Elektrogehäuse-/Elektroniklieferant, Auswahl offen;;Nach Gehäuselayout/Temperaturprüfung bestimmen. Kein fertiges Modell behauptet. Kein Regenbetrieb ohne neue Auslegung.;Offen
E39;Gehäuse;1;Stück;PIR-Sensorgehäuse;PIR-Sensorgehäuse für B1 und J2, Linse freiliegend;Schützt PIR-Modul und ermöglicht feste Ausrichtung;aufmass;Elektrogehäuse-/Elektroniklieferant, Auswahl offen;;Sensor und Adapter tatsächlich messen, Linse frei, feste Ausrichtung. Modell nach Aufstellort/Abmessungen festlegen.;Offen
E40;Gehäuse;1;Satz;Kabelverschraubungen/Zugentlastungen;"Mindestens vier Steuerbox-Durchführungen: W2/W3/W5/Motorkabel; eine am Sensor";Verhindert Zug auf Klemmen und scharfe Blechkanten;aufmass;Elektrogehäuse-/Elektroniklieferant, Auswahl offen;;Kabeldurchmesser UND USB-/RJ45-Steckergröße messen. Fertige Stecker nicht zum Durchziehen abschneiden. Geteilte Durchführung oder Montageöffnung samt Zugentlastung vorsehen. Stückzahl/Modell erst nach Gehäuselayout.;Offen
E43;Verdrahtungszubehör;1;Satz;Aderendhülsen, Ringkabelschuhe und PE-Schrauben;Aderendhülsen für tatsächliche Schraubklemmen und 0,25/1,5 mm² sowie Motorkabel;Dauerhafte elektrische und mechanische Anschlüsse;abklaeren;Elektrogehäuse-/Elektroniklieferant, Auswahl offen;;Querschnitt der mitgelieferten Motorleitungen und Klemmvorgaben prüfen. Konkrete Größen/Mengen danach wählen. Keine PE-Ringkabelschuhe im Basisaufbau.;Offen
E46;Verdrahtungszubehör;1;Satz;Elektrische Beschriftung;Elektrische Beschriftung für PIR 5V KEIN LAN/PoE, 48V und Gerätekennungen;Kennzeichnet Leitungen und Anschlüsse eindeutig;bestand_pruefen;Elektrogehäuse-/Elektroniklieferant, Auswahl offen;;Vorhandenes Beschriftungsmaterial verwenden, nur fehlenden Bestand kaufen.;Offen
E42;Gehäuse;10;Stück;Platinen-Abstandshalter;Isolierende Platinen-Abstandshalter samt Schrauben, zu realen Lochbildern;Befestigt Uno, zwei Module und RJ45-Adapter elektrisch isoliert;vorhanden;Bestand;;Genügend vorhanden laut Nutzer. Planbedarf etwa zehn: Uno, zwei Zweilochmodule und RJ45-Adapter. Adafruit-Module haben 2,5-mm-Montagebohrungen: passende kleinere isolierende Befestigungen aus Bestand prüfen. Nicht pauschal M3 hineinzwingen. U6 wird aufgesteckt und benötigt keine eigene Gehäusebefestigung.;Bestand
E44;Verdrahtungszubehör;1;Satz;Schrumpfschlauch;Schrumpfschlauch in passenden Durchmessern;Isoliert elektrische Verbindungen;vorhanden;Bestand;;"Ausreichend vorhanden laut Nutzer; nicht bestellen.";Bestand
E54;Gehäuse;1;Satz;Befestigungen für Treiber, Klemmen und Motorhalterung;Passende Schrauben/Muttern/Unterlegscheiben, ggf. WAGO-Halter;Zugfeste Befestigung der elektrischen Geräte und ausdrücklich gewünschten Motorhalterung;aufmass;Elektronik-/Befestigungslieferant, Auswahl offen;;Lieferumfang von Treiber/ST-M7 prüfen. Schraubenlängen nach Materialdicke und Motorflansch wählen, nicht pauschal erfinden. Gehäuse/Platine nicht leitend überbrücken.;Offen
E45;Versorgung;1;Stück;RCD-Zwischenstecker bei fehlendem geeignetem RCD;30 mA, CH-tauglich, zum Aufstellort passend;Fehlerstromschutz der Netzversorgung;bestand_pruefen;Schweizer Elektrofachbetrieb;;"Nur bei fehlendem geeignetem vorgeschaltetem RCD und entsprechendem Aufstellbedarf. Kein zusätzlicher RCD pauschal vorgeschrieben; tatsächlichen Anschluss prüfen.";Offen
T02;Werkzeug;1;Stück;Crimpzange für Aderendhülsen;Für Aderendhülsen 0,25–2,5 mm²;Erzeugt zugfeste Klemmanschlüsse;bestand_pruefen;BerryBase Schweiz;https://www.berrybase.ch/crimpzange-fuer-aderendhuelsen-0-25-2-5mm2;"Nur bei fehlendem Bestand beschaffen oder ausleihen; für gewählte Aderendhülsen. Keine Ringösen oder Netzverdrahtung erforderlich.";Produkt
T03;Werkzeug;1;Stück;Multimeter;Durchgang, Widerstand und DC-Spannung;Prüft Verdrahtung, Wicklungen und Versorgung;vorhanden;Bestand;;"Vorhanden, nicht bestellen. Durchgang und Kleinspannungen prüfen; fertige Netzteile nicht öffnen.";Bestand
T04;Werkzeug;1;Stück;Logikanalysator;Für 5-V-Signale und Mikrosekunden-Pulse geeignet;Prüft STEP-Pulsbreite und DIR-Vorlauf;vorhanden;Bestand;;Vorhanden laut Nutzer, nicht bestellen;Bestand
